abelikov = Andrey Belikov <belikov@astro.rug.nl>
abonchi = Andrea Bonchi <andrea.bonchi@oa-roma.inaf.it>
aboucaud = Alexandre Boucaud <alexandre.boucaud@ias.u-psud.fr>
adiaz01 = Alexandre Diaz <alexandre.diaz@capgemini.com>
agrazi01 = Andrea Grazian <andrea.grazian@oa-roma.inaf.it>
atramace = Andrea Tramacere <andrea.tramacere@unige.ch>
basset = Antoine Basset <antoine.basset@cnes.fr>
bgilles = Bryan Gillis <b.gillis@roe.ac.uk>
cdabin = Christophe Dabin <christophe.dabin@cnes.fr>
cdolding = Chris Dolding <c.dolding@ucl.ac.uk>
cgrenet = Catherine Grenet <grenet@iap.fr>
chalmo = Cyril Halmo <cyril.halmo@fhnw.ch>
cvidal = Clement Vidal <clement.vidal@lam.fr>
dbagot = Dominique Bagot <dominique.bagot@cnes.fr>
dmaino = Davide Maino <davide.maino@mi.infn.it>
eglez = Eduardo GonzalezSolares <eglez@ast.cam.ac.uk>
ejullo = Eric Jullo <eric.jullo@lam.fr>
ekeihane = Elina Keihanen <elina.keihanen@helsinki.fi>
emerlin = Emiliano Merlin <emiliano.merlin@oa-roma.inaf.it>
eprieto = Eric Prieto <eric.prieto@lam.fr>
fdubath = Florian Dubath <florian.dubath@unige.ch>
ffaustin = Fabiana Faustini <faustini@asdc.asi.it>
fraison = Frederic Raison <fraison@mpe.mpg.de>
fsureau = Florian Sureau <florent.sureau@cea.fr>
gbuenadi = Guillermo Buenadicha <guillermo.buenadicha@esa.int>
gleleu = Guillaume Leleu <guillaume.leleu@oamp.fr>
gpolenta = Gianluca Polenta <gianluca.polenta@asdc.asi.it>
gseide01 = Gregor Seidel <seidel@mpia.de>
hdegaude = Hubert Degaudenzi <hubert.degaudenzi@unige.ch>
hisrael = Holger Israel <holger.israel@durham.ac.uk>
hkurkis = Hannu Kurki-Suonio <hannu.kurki-suonio@helsinki.fi>
hmetsela = Harold Metselaar <Harold.Metselaar@esa.int>
inussbau = Ivo Nussbaumer <ivo.nussbaumer@fhnw.ch>
jamiaux = Jerome Amiaux <jerome.amiaux@cea.fr>
jdelouis = Jean-Marc Delouis <delouis@iap.fr>
jgonza04 = JoseCarlos Gonzalez <jcgonzalez@sciops.esa.int>
jgracia = Javier GraciaCarpio < jgracia@mpe.mpg.de>
jhoar = John Hoar <jhoar@sciops.esa.int>
jkoppenh = Johannes Koppenhoefer <koppenh@mpe.mpg.de>
jlorenzo = Jose Lorenzo <Jose.Lorenzo.Alvarez@esa.int>
jmcfarla = John McFarland <mcfarland@astro.rug.nl>
jmeunier = Jean-Charles Meunier <jean-charles.meunier@lam.fr>
jstanig = Jean-Eric Stanig <alexandre.diaz@capgemini.com>
jzoubian = Julien Zoubian <zoubian@cppm.in2p3.fr>
kbenson = Kevin Benson <k.benson@ucl.ac.uk>
knoddle = Keith Noddle <keith@keithnoddle.org>
lpaioro = Luigi Paioro <luigi@lambrate.inaf.it>
ltornato = Luca Tornatore <tornatore@oats.inaf.it>
mbrescia = Massimo Brescia <brescia@oacn.inaf.it>
mchekran = Mohamed Chekran <mohamed.chekran@capgemini.com>
mfrailis = Marco Frailis <frailis@oats.inaf.it>
mfumana = Marco Fumana <fumana@lambrate.inaf.it>
mhollima = Mark Holliman <msh@roe.ac.uk>
mkazandj = Mher Kazandjian <mher@strw.leidenuniv.nl>
mkuemmel = Martin Kuemmel <mkuemmel@usm.lmu.de>
mmeharga = Mohamed Meharga <mohamed.meharga@unige.ch>
mmelchio = Martin Melchior <martin.melchior@fhnw.ch>
mponcet = Maurice Poncet <maurice.poncet@cnes.fr>
msoldati = Marco Soldati <marco.soldati@fhnw.ch>
mwetzste = Michael Wetzstein <drwstein@mpe.mpg.de>
mwiesman = Martin Wiesmann <martin.wiesmann@astro.uio.no>
napostok = Nikolaos Apostolakos <nikolaos.apostolakos@unige.ch>
nfourman = Nicolas Fourmanois <fourmanoit@cppm.in2p3.fr>
nmalkiya = Nizar Malkiya <malkiya@iap.fr>
nmorisse = Nicolas Morisset <nicolas.morisset@unige.ch>
nshane = Neville Shane <nss@mssl.ucl.ac.uk>
ntonello = Nadia Tonello <tonello@pic.es>
oflebus = Olivier Flebus <olivier.flebus@capgemini.com>
oherent = Olivier Herent <herent@iap.fr>
omarggra = omarggra <marggraf@astro.uni-bonn.de>
patreya = Prakash Atreya <patreya@usm.lmu.de>
pbinko = Pavel Binko <pbinko@mycompany.com>
pdubath = Pierre Dubath <pierre.dubath@unige.ch>
pfranzet = Paolo Franzetti <paolo@lambrate.inaf.it>
pgomez = Pedro Gomez <pedro.gomez@sciops.esa.int>
phudelot = Patrick Hudelot <hudelot@iap.fr>
pscala = Paolo Scala <pls@lambrate.inaf.it>
ptallada = Pau Tallada <tallada@pic.es>
rcollins = Ross Collins <rsc@roe.ac.uk>
rdasilva = Ronaldo DaSilva <ronaldo.dasilva@asdc.asi.it>
rdelmas = Robin Delmas <robin.delmas@capgemini.com>
rfahed = Remi Fahed <rfahed@apc.in2p3.fr>
rhende01 = Roy Henderson <rhenders@usm.uni-muenchen.de>
rholmes = Rory Holmes <roryholmes@googlemail.com>
sborgani = Stefano Borgani <borgani@oats.inaf.it>
scavuoti = Stefano Cavuoti <cavuoti@na.astro.it>
sguillou = Sebastien Guilloux <sebastien.guilloux@capgemini.com>
shauga01 = Stein Haugan <s.v.h.haugan@astro.uio.no>
ssartor = Stefano Sartor <sartor@oats.inaf.it>
sserrano = Santiago Serrano <serrano@ieec.uab.es>
sspoerri = Simon Spoerri <sspoerri@mycompany.com>
stechene = Sibylle Techene <techene@iap.fr>
svnadmin = svnadmin <svnadmin@mycompany.com>
swachter = Stefanie Wachter <wachter@mpia-hd.mpg.de>
tgrgoire = Tristan Gregoire <tristan.gregoire@cnes.fr>
tvassall = Thomas Vassallo <vassallo@usm.uni-muenchen.de>
vlindhol = Valtteri Lindholm <valtteri.lindholm@helsinki.fi>
vvillarp = Victor Villar <victor.villar@sciops.esa.int>
xliu = Xiang Liu <xliu@ipac.caltech.edu>